01,charmander,22,33
02,charmelion,33,44
03,charizard,44,555,aaweu,4.000000,5.000000